{
    "display": {
        "icon": {
            "id": "minecraft:tropical_fish"
        },
        "title": {
            "text": "Dad Craft Datapack",
            "color": "white",
            "bold": false,
            "italic": false
        },
        "description": {
            "text": "Dad Craft Receipe Tweeks",
            "color": "green",
            "bold": false,
            "italic": true
        },
        "show_toast": false,
        "announce_to_chat": false,
        "frame": "goal"
    },
    "parent": "dadcraft:root",
    "criteria": {
        "tick": {
            "trigger": "minecraft:tick"
        }
    }
}