{
    "display": {
        "icon": {
            "id": "minecraft:chest"
        },
        "title": {
            "text": "Dad Craft Tweeks",
            "bold": true,
            "color": "gold"
        },
        "description": {
            "text": "All currently installed datapacks",
            "color": "white",
            "bold": false,
            "italic": true
        },
        "background": "minecraft:textures/block/black_concrete.png",
        "show_toast": false,
        "announce_to_chat": false,
        "frame": "challenge"
    },
    "criteria": {
        "tick": {
            "trigger": "minecraft:tick"
        }
    }
}